797-76-0780,2022626027,Eolanda Spoole,9/15/2017,4,617-69-9664,Bank of America,Loan Officer
408-11-8212,6764467301,Wolfy Fransoni,12/20/2020,1,617-69-9664,Bank of America,Loan Officer
617-69-9664,9378500283,Yvor Prestland,9/27/2001,20,617-69-9664,Bank of America,Personal Banker
430-11-0879,8788851572,Marijo Aldington,8/22/2016,5,519-40-5462,Bank of India,Personal Banker
340-45-6621,1127776025,Dell Balls,6/4/2021,0,519-40-5462,Bank of India,Personal Banker
519-40-5462,9643187525,Linell Souley,1/13/2015,7,519-40-5462,Bank of India,Loan Officer
183-34-1505,2948650090,Byrann Livock,5/18/2007,14,595-73-2222,BB&T Bank,Personal Banker
498-09-6606,1273896981,Lizabeth Slader,6/28/2007,14,595-73-2222,BB&T Bank,Personal Banker
515-90-2846,9778990237,Ewan Fillingham,2/7/2022,0,595-73-2222,BB&T Bank,Loan Officer
595-73-2222,5181598454,Patti Coning,2/27/2007,15,595-73-2222,BB&T Bank,Personal Banker
473-91-0739,4728687674,Alayne Ivasyushkin,9/1/1998,23,473-91-0739,Chase Bank,Personal Banker
213-48-2948,7619640933,Putnem Butler-Bowdon,4/3/2002,20,473-91-0739,Chase Bank,Loan Officer
805-99-7523,9269290779,Maureen Dumbrall,5/7/1999,22,473-91-0739,Chase Bank,Personal Banker
861-20-0006,3255600291,Barret O'Hartnedy,2/1/2000,22,861-20-0006,Chase Bank,Personal Banker
375-04-3090,7783838034,Franklyn Croydon,7/11/2000,21,861-20-0006,Chase Bank,Loan Officer
757-83-2000,8732695293,Else Autie,1/12/2014,8,861-20-0006,Chase Bank,Loan Officer
453-74-7093,3625092440,Luce Kirkness,2/28/2018,4,103-83-4376,Citizens Bank,Personal Banker
103-83-4376,2592515080,Elicia Dolle,4/16/2005,16,103-83-4376,Citizens Bank,Personal Banker
192-24-4823,5533784649,Latisha Bosdet,3/22/2015,7,103-83-4376,Citizens Bank,Personal Banker
229-67-8778,3522037030,Glennie Brockton,2/10/2018,4,103-83-4376,Citizens Bank,Loan Officer
360-32-8523,5628766874,Giacomo Vynehall,3/1/2006,16,360-32-8523,DUC Bank,Personal Banker
323-09-3787,4871090058,Barret Glennard,11/19/2011,10,360-32-8523,DUC Bank,Loan Officer
865-23-9935,7401222889,Felicle Kneesha,7/24/2006,15,360-32-8523,DUC Bank,Loan Officer
659-48-7619,1245479766,Anallese Hammand,10/28/2001,20,509-82-8706,Wells Fargo Bank,Personal Banker
186-87-5650,8803811475,Abrahan Astupenas,6/12/2010,11,509-82-8706,Wells Fargo Bank,Loan Officer
548-50-3118,7026850640,Hayden Higgonet,6/8/2008,13,659-48-7619,Wells Fargo Bank,Loan Officer
629-89-3571,6395834467,Gino Mackinder,8/2/2008,13,659-48-7619,Wells Fargo Bank,Personal Banker
282-71-0125,7104305797,Thom Dunnion,12/15/2001,20,509-82-8706,Wells Fargo Bank,Personal Banker
528-16-5906,5383985847,Melantha Normant,3/9/2016,6,509-82-8706,Wells Fargo Bank,Loan Officer
560-68-0496,3727640397,Bailey Shepheard,1/19/2022,0,509-82-8706,Wells Fargo Bank,Loan Officer
762-23-3484,1237623937,Harry Potter,12/23/2017,4,762-23-3484,Discover Bank,Personal Banker
237-23-2333,3423810174,Glenn Mark,1/1/2020,2,237-23-2333,HDFC Bank,Loan Officer
233-12-9999,1235436456,Jan Irby,3/2/2019,3,233-12-9999,Old National Bank,Personal Banker
347-21-3272,8732619845,David Kung,3/1/2021,1,762-23-3484,Discover Bank,Personal Banker
432-21-2148,4139843101,Hudson Checka,3/17/2020,2,237-23-2333,HDFC Bank,Loan Officer
298-43-5432,3498781324,Lieun King,6/6/2020,1,233-12-9999,Old National Bank,Loan Officer